{
  "0": {
    "centroids": [
      -0.2423410923348796,
      -0.15899951456433467,
      -0.09049114173987464,
      -0.02752151949854589,
      0.026680168935961163,
      0.0881871030268218,
      0.15251678073004624,
      0.23985841315954773
    ],
    "boundaries": [
      -0.20067030344960712,
      -0.12474532815210465,
      -0.05900633061921027,
      -0.00042067528129236323,
      0.05743363598139148,
      0.12035194187843401,
      0.19618759694479698
    ],
    "qjl_scale": 0.4962233007686485
  },
  "1": {
    "centroids": [
      -0.207636969034223,
      -0.13563248522843077,
      -0.07453372467595126,
      -0.01483994818690307,
      0.04167989676088704,
      0.10474516853646289,
      0.16027404811969176,
      0.22730500481957852
    ],
    "boundaries": [
      -0.17163472713132688,
      -0.10508310495219102,
      -0.044686836431427165,
      0.013419974286991987,
      0.07321253264867497,
      0.13250960832807732,
      0.19378952646963515
    ],
    "qjl_scale": 0.4944100014005559
  },
  "2": {
    "centroids": [
      -0.2554306933297373,
      -0.16243849930196216,
      -0.0953252815643553,
      -0.031580962365625964,
      0.03169292775664972,
      0.0960484533736317,
      0.161152060591377,
      0.24890117886120794
    ],
    "boundaries": [
      -0.2089345963158497,
      -0.12888189043315873,
      -0.06345312196499063,
      5.598269551187682e-05,
      0.0638706905651407,
      0.12860025698250435,
      0.20502661972629246
    ],
    "qjl_scale": 0.49118032346804996
  },
  "3": {
    "centroids": [
      -0.2407512193966587,
      -0.14846994983118586,
      -0.0781810730335518,
      -0.01757272160206449,
      0.04144765425283924,
      0.10493873035362128,
      0.17328719818640811,
      0.2674931524067729
    ],
    "boundaries": [
      -0.19461058461392228,
      -0.11332551143236883,
      -0.04787689731780815,
      0.011937466325387376,
      0.07319319230323026,
      0.13911296427001468,
      0.2203901752965905
    ],
    "qjl_scale": 0.4964378154100959
  },
  "4": {
    "centroids": [
      -0.24546230160938473,
      -0.15869172555637592,
      -0.0921886462228234,
      -0.032074355478632015,
      0.026663702665844103,
      0.0879237988853041,
      0.1552289569387564,
      0.24409999494216214
    ],
    "boundaries": [
      -0.20207701358288033,
      -0.12544018588959965,
      -0.0621315008507277,
      -0.002705326406393956,
      0.0572937507755741,
      0.12157637791203026,
      0.19966447594045927
    ],
    "qjl_scale": 0.495610825498886
  },
  "5": {
    "centroids": [
      -0.25275187706527147,
      -0.15881583752126613,
      -0.09258502246887704,
      -0.029830363501364768,
      0.03136264106679287,
      0.09391572936826867,
      0.1594404943167014,
      0.2491226948756037
    ],
    "boundaries": [
      -0.2057838572932688,
      -0.12570042999507158,
      -0.0612076929851209,
      0.0007661387827140528,
      0.06263918521753077,
      0.12667811184248504,
      0.20428159459615255
    ],
    "qjl_scale": 0.4932743666069475
  },
  "6": {
    "centroids": [
      -0.24754155070422776,
      -0.1625836947645152,
      -0.09705932369348352,
      -0.03428037301020614,
      0.025704565927781385,
      0.08750103155183929,
      0.15359174387259208,
      0.23685931995035522
    ],
    "boundaries": [
      -0.20506262273437148,
      -0.12982150922899938,
      -0.06566984835184483,
      -0.004287903541212376,
      0.056602798739810334,
      0.12054638771221568,
      0.19522553191147365
    ],
    "qjl_scale": 0.4932673653030874
  },
  "7": {
    "centroids": [
      -0.26064961717268875,
      -0.16902992495478786,
      -0.10240758722902966,
      -0.04005568525270349,
      0.021381099172249066,
      0.08542966981006837,
      0.14929643437443296,
      0.24267305605680475
    ],
    "boundaries": [
      -0.2148397710637383,
      -0.13571875609190875,
      -0.07123163624086658,
      -0.009337293040227212,
      0.05340538449115872,
      0.11736305209225067,
      0.19598474521561887
    ],
    "qjl_scale": 0.49434118958653683
  },
  "8": {
    "centroids": [
      -0.2586284314287665,
      -0.16509204295032007,
      -0.09407680455371717,
      -0.031842931876122034,
      0.029922844238348567,
      0.09123943563468954,
      0.15956308665755772,
      0.2524475854355291
    ],
    "boundaries": [
      -0.21186023718954328,
      -0.12958442375201862,
      -0.0629598682149196,
      -0.0009600438188867334,
      0.060581139936519056,
      0.12540126114612363,
      0.20600533604654342
    ],
    "qjl_scale": 0.4951144466104629
  },
  "9": {
    "centroids": [
      -0.2567017928650196,
      -0.15967333420327348,
      -0.09324680046652502,
      -0.03070816358131317,
      0.031063242705751403,
      0.09383639773154376,
      0.16094503163105073,
      0.25445837714648223
    ],
    "boundaries": [
      -0.20818756353414652,
      -0.12646006733489926,
      -0.061977482023919096,
      0.00017753956221911588,
      0.06244982021864758,
      0.12739071468129726,
      0.20770170438876648
    ],
    "qjl_scale": 0.49717609444415584
  },
  "10": {
    "centroids": [
      -0.2553987913763066,
      -0.16972426316010764,
      -0.10073257486094049,
      -0.03784838548288532,
      0.030095971159389067,
      0.09298360956235113,
      0.16317253979625818,
      0.2497939785369836
    ],
    "boundaries": [
      -0.21256152726820712,
      -0.13522841901052407,
      -0.0692904801719129,
      -0.0038762071617481266,
      0.0615397903608701,
      0.12807807467930465,
      0.20648325916662089
    ],
    "qjl_scale": 0.4926639804032192
  },
  "11": {
    "centroids": [
      -0.2597668789762447,
      -0.16593203441389437,
      -0.09622054563872537,
      -0.03356637314061645,
      0.029044834988637004,
      0.09241844024112145,
      0.1618775862482159,
      0.2573761719477466
    ],
    "boundaries": [
      -0.21284945669506952,
      -0.13107629002630988,
      -0.06489345938967091,
      -0.002260769075989724,
      0.06073163761487922,
      0.12714801324466868,
      0.20962687909798125
    ],
    "qjl_scale": 0.4952442422726416
  },
  "12": {
    "centroids": [
      -0.2576224290738943,
      -0.16468443788816467,
      -0.09603893898221344,
      -0.0320259464194342,
      0.03007199176713615,
      0.09339359736326475,
      0.16136390485993138,
      0.25551665358196934
    ],
    "boundaries": [
      -0.2111534334810295,
      -0.13036168843518905,
      -0.06403244270082382,
      -0.0009769773261490266,
      0.06173279456520045,
      0.12737875111159808,
      0.20844027922095038
    ],
    "qjl_scale": 0.4873393752196445
  },
  "13": {
    "centroids": [
      -0.2514063256068297,
      -0.15954695537871602,
      -0.09180176087094817,
      -0.029573668847137087,
      0.031022867171434407,
      0.09393831001695736,
      0.16281401594945882,
      0.2598590772681989
    ],
    "boundaries": [
      -0.20547664049277287,
      -0.1256743581248321,
      -0.06068771485904263,
      0.0007245991621486602,
      0.062480588594195884,
      0.1283761629832081,
      0.21133654660882886
    ],
    "qjl_scale": 0.4959557787976538
  },
  "14": {
    "centroids": [
      -0.24607434358807012,
      -0.15610390113144323,
      -0.09039751244198421,
      -0.028336106278104227,
      0.033544357010631035,
      0.09672914307437089,
      0.16491285248217882,
      0.2613495652165975
    ],
    "boundaries": [
      -0.20108912235975668,
      -0.12325070678671372,
      -0.05936680936004422,
      0.002604125366263404,
      0.06513675004250097,
      0.13082099777827486,
      0.2131312088493882
    ],
    "qjl_scale": 0.4935146671934051
  },
  "15": {
    "centroids": [
      -0.26051602842196214,
      -0.1621766490906052,
      -0.09065972230619293,
      -0.027432249073047334,
      0.033658254502086274,
      0.09601787388306232,
      0.16472429691610713,
      0.25666171063834375
    ],