{
  "0": {
    "centroids": [
      -0.24216662707148326,
      -0.1586399236001259,
      -0.0903586848989289,
      -0.027315804623330938,
      0.026909137505161135,
      0.08850092542629108,
      0.1530763829506279,
      0.24068523193882033
    ],
    "boundaries": [
      -0.2004032753358046,
      -0.1244993042495274,
      -0.05883724476112992,
      -0.00020333355908490162,
      0.05770503146572611,
      0.1207886541884595,
      0.1968808074447241
    ]
  }
}