{
  "0": {
    "centroids": [
      -0.25132762715267537,
      -0.1615610375609243,
      -0.0938429785854626,
      -0.031008954044361495,
      0.03146763780014722,
      0.09685855870610066,
      0.15743797621592168,
      0.23940836112713518
    ],
    "boundaries": [
      -0.20644433235679982,
      -0.12770200807319346,
      -0.06242596631491205,
      0.0002293418778928618,
      0.06416309825312394,
      0.12714826746101116,
      0.19842316867152843
    ],
    "qjl_scale": 0.48203896967742427
  },
  "1": {
    "centroids": [
      -0.25923549070829427,
      -0.16244324457743756,
      -0.091340693756639,
      -0.02916211335018959,
      0.03169830070799912,
      0.09459337130447239,
      0.16312234695863492,
      0.26555377382700923
    ],
    "boundaries": [
      -0.21083936764286593,
      -0.12689196916703827,
      -0.060251403553414296,
      0.0012680936789047671,
      0.06314583600623576,
      0.12885785913155365,
      0.21433806039282208
    ],
    "qjl_scale": 0.49058754194751736
  },
  "2": {
    "centroids": [
      -0.25313354773868524,
      -0.1578431970115961,
      -0.08622417571477539,
      -0.02263516449479464,
      0.03726528911291515,
      0.09936919865205829,
      0.1704739728929313,
      0.26360470093753485
    ],
    "boundaries": [
      -0.20548837237514067,
      -0.12203368636318575,
      -0.05442967010478501,
      0.0073150623090602555,
      0.06831724388248672,
      0.1349215857724948,
      0.21703933691523308
    ],
    "qjl_scale": 0.49152871775485013
  },
  "3": {
    "centroids": [
      -0.24218847087594092,
      -0.15470781332667355,
      -0.08405796944534269,
      -0.023117479664366874,
      0.0361916169859915,
      0.0985473116238912,
      0.1675586299495296,
      0.2658882896658041
    ],
    "boundaries": [
      -0.19844814210130723,
      -0.11938289138600812,
      -0.05358772455485478,
      0.006537068660812313,
      0.06736946430494135,
      0.1330529707867104,
      0.21672345980766683
    ],
    "qjl_scale": 0.49548738287973126
  },
  "4": {
    "centroids": [
      -0.2559533664513131,
      -0.16632645157407958,
      -0.09827469512042021,
      -0.036608656772571135,
      0.02376207008270155,
      0.08657823814685833,
      0.15931899976457062,
      0.25467898412172374
    ],
    "boundaries": [
      -0.21113990901269636,
      -0.1323005733472499,
      -0.06744167594649567,
      -0.006423293344934793,
      0.05517015411477994,
      0.12294861895571448,
      0.2069989919431472
    ],
    "qjl_scale": 0.48927336293564416
  },
  "5": {
    "centroids": [
      -0.25491253986150064,
      -0.15959172242712444,
      -0.088929925882916,
      -0.026693920627003615,
      0.03314005794354193,
      0.09542754137711311,
      0.16475091493907215,
      0.2555206250882205
    ],
    "boundaries": [
      -0.20725213114431254,
      -0.12426082415502021,
      -0.057811923254959804,
      0.0032230686582691587,
      0.06428379966032752,
      0.13008922815809262,
      0.2101357700136463
    ],
    "qjl_scale": 0.49533224008513665
  },
  "6": {
    "centroids": [
      -0.24835116070322455,
      -0.159308978795898,
      -0.08994731862774567,
      -0.02897098092465671,
      0.03036648537059273,
      0.09300596531093851,
      0.1637402936118934,
      0.25663564960368884
    ],
    "boundaries": [
      -0.20383006974956128,
      -0.12462814871182185,
      -0.05945914977620119,
      0.0006977522229680098,
      0.06168622534076562,
      0.12837312946141596,
      0.21018797160779112
    ],
    "qjl_scale": 0.4933634527280676
  },
  "7": {
    "centroids": [
      -0.28007239310910487,
      -0.17983483074431422,
      -0.10725788484915126,
      -0.04456128436075571,
      0.015337578823334613,
      0.0783552958431978,
      0.1495894050086745,
      0.24386255017451278
    ],
    "boundaries": [
      -0.22995361192670954,
      -0.14354635779673275,
      -0.07590958460495348,
      -0.014611852768710548,
      0.046846437333266204,
      0.11397235042593615,
      0.19672597759159363
    ],
    "qjl_scale": 0.49373699512680036
  },
  "8": {
    "centroids": [
      -0.26563133420133894,
      -0.1659995791716453,
      -0.0902832684065562,
      -0.02584323881263514,
      0.03422360606502985,
      0.0952474449430371,
      0.16211580635802172,
      0.2484248652356334
    ],
    "boundaries": [
      -0.2158154566864921,
      -0.12814142378910076,
      -0.058063253609595675,
      0.004190183626197356,
      0.06473552550403347,
      0.1286816256505294,
      0.20527033579682757
    ],
    "qjl_scale": 0.4932504435118018
  },
  "9": {
    "centroids": [
      -0.26139902421386996,
      -0.16678439643712453,
      -0.09438154590180174,
      -0.031043410847028257,
      0.0291391322287487,
      0.09169538325118753,
      0.16212458888225442,
      0.2556791287430431
    ],
    "boundaries": [
      -0.21409171032549723,
      -0.13058297116946313,
      -0.062712478374415,
      -0.0009521393091397792,
      0.06041725773996812,
      0.126909986066721,
      0.20890185881264878
    ],
    "qjl_scale": 0.4901727463738999
  },
  "10": {
    "centroids": [
      -0.2556591329588725,
      -0.15848187816821283,
      -0.08722097294906489,
      -0.026079211905698587,
      0.033152100807638786,
      0.09672886573145917,
      0.17124667385164974,
      0.26712503436798013
    ],
    "boundaries": [
      -0.20707050556354267,
      -0.12285142555863886,
      -0.05665009242738174,
      0.0035364444509700995,
      0.06494048326954897,
      0.13398776979155447,
      0.21918585410981495
    ],
    "qjl_scale": 0.4943722134623299
  },
  "11": {
    "centroids": [
      -0.27342249251898,
      -0.17184739266832316,
      -0.09913932195201006,
      -0.03600935508016526,
      0.024413484447527622,
      0.08714051954994899,
      0.15819610200899364,
      0.2513954010849225
    ],
    "boundaries": [
      -0.22263494259365157,
      -0.1354933573101666,
      -0.06757433851608766,
      -0.005797935316318821,
      0.05577700199873831,
      0.12266831077947132,
      0.20479575154695806
    ],
    "qjl_scale": 0.49178918794269433
  },
  "12": {
    "centroids": [
      -0.2589190981848682,
      -0.1652790325087796,
      -0.09445677003726802,
      -0.0322533744925077,
      0.027791622132010453,
      0.0912196941494111,
      0.16360092976976703,
      0.25963689888983854
    ],
    "boundaries": [
      -0.21209906534682388,
      -0.1298679012730238,
      -0.06335507226488786,
      -0.0022308761802486247,
      0.05950565814071078,
      0.12741031195958907,
      0.2116189143298028
    ],
    "qjl_scale": 0.48867316872985256
  },
  "13": {
    "centroids": [
      -0.2576156460662611,
      -0.16571589379666873,
      -0.0953196321980337,
      -0.033240050149326496,
      0.02733541279834276,
      0.09207311292511576,
      0.16713511132903336,
      0.2727686375510685
    ],
    "boundaries": [
      -0.2116657699314649,
      -0.1305177629973512,
      -0.0642798411736801,
      -0.002952318675491868,
      0.05970426286172926,
      0.12960411212707457,
      0.21995187444005093
    ],
    "qjl_scale": 0.4918116943752706
  },
  "14": {
    "centroids": [
      -0.2622179441557838,
      -0.16539379314063848,
      -0.09278817239043892,
      -0.02974506891725567,
      0.03014180764124308,
      0.09233480845895012,
      0.1629966859396232,
      0.2542999619287802
    ],
    "boundaries": [
      -0.21380586864821116,
      -0.1290909827655387,
      -0.0612666206538473,
      0.00019836936199370443,
      0.0612383080500966,
      0.12766574719928664,
      0.20864832393420168
    ],
    "qjl_scale": 0.494149003510955
  },
  "15": {
    "centroids": [
      -0.2527034440689381,
      -0.1578438674179146,
      -0.08764447206813211,
      -0.02455268584071373,
      0.036705896284573714,
      0.09900139588749318,
      0.1700391956344956,
      0.26876178922780675
    ],