{
  "0": {
    "centroids": [
      -0.269,
      -0.1679875,
      -0.0945,
      -0.0306375,
      0.0306375,
      0.0945,
      0.1679875,
      0.269
    ],
    "boundaries": [
      -0.2185,
      -0.13125,
      -0.062575,
      0.0,
      0.062575,
      0.13125,
      0.2185
    ],
    "qjl_scale": 0.49
  },
  "1": {
    "centroids": [
      -0.269,
      -0.1679875,
      -0.0945,
      -0.0306375,
      0.0306375,
      0.0945,
      0.1679875,
      0.269
    ],
    "boundaries": [
      -0.2185,
      -0.13125,
      -0.062575,
      0.0,
      0.062575,
      0.13125,
      0.2185
    ],
    "qjl_scale": 0.49
  },
  "2": {
    "centroids": [
      -0.269,
      -0.1679875,
      -0.0945,
      -0.0306375,
      0.0306375,
      0.0945,
      0.1679875,
      0.269
    ],
    "boundaries": [
      -0.2185,
      -0.13125,
      -0.062575,
      0.0,
      0.062575,
      0.13125,
      0.2185
    ],
    "qjl_scale": 0.49
  },
  "3": {
    "centroids": [
      -0.269,
      -0.1679875,
      -0.0945,
      -0.0306375,
      0.0306375,
      0.0945,
      0.1679875,
      0.269
    ],
    "boundaries": [
      -0.2185,
      -0.13125,
      -0.062575,
      0.0,
      0.062575,
      0.13125,
      0.2185
    ],
    "qjl_scale": 0.49
  },
  "4": {
    "centroids": [
      -0.269,
      -0.1679875,
      -0.0945,
      -0.0306375,
      0.0306375,
      0.0945,
      0.1679875,
      0.269
    ],
    "boundaries": [
      -0.2185,
      -0.13125,
      -0.062575,
      0.0,
      0.062575,
      0.13125,
      0.2185
    ],
    "qjl_scale": 0.49
  },
  "5": {
    "centroids": [
      -0.269,
      -0.1679875,
      -0.0945,
      -0.0306375,
      0.0306375,
      0.0945,
      0.1679875,
      0.269
    ],
    "boundaries": [
      -0.2185,
      -0.13125,
      -0.062575,
      0.0,
      0.062575,
      0.13125,
      0.2185
    ],
    "qjl_scale": 0.49
  },
  "6": {
    "centroids": [
      -0.269,
      -0.1679875,
      -0.0945,
      -0.0306375,
      0.0306375,
      0.0945,
      0.1679875,
      0.269
    ],
    "boundaries": [
      -0.2185,
      -0.13125,
      -0.062575,
      0.0,
      0.062575,
      0.13125,
      0.2185
    ],
    "qjl_scale": 0.49
  },
  "7": {
    "centroids": [
      -0.269,
      -0.1679875,
      -0.0945,
      -0.0306375,
      0.0306375,
      0.0945,
      0.1679875,
      0.269
    ],
    "boundaries": [
      -0.2185,
      -0.13125,
      -0.062575,
      0.0,
      0.062575,
      0.13125,
      0.2185
    ],
    "qjl_scale": 0.49
  },
  "8": {
    "centroids": [
      -0.269,
      -0.1679875,
      -0.0945,
      -0.0306375,
      0.0306375,
      0.0945,
      0.1679875,
      0.269
    ],
    "boundaries": [
      -0.2185,
      -0.13125,
      -0.062575,
      0.0,
      0.062575,
      0.13125,
      0.2185
    ],
    "qjl_scale": 0.49
  },
  "9": {
    "centroids": [
      -0.269,
      -0.1679875,
      -0.0945,
      -0.0306375,
      0.0306375,
      0.0945,
      0.1679875,
      0.269
    ],
    "boundaries": [
      -0.2185,
      -0.13125,
      -0.062575,
      0.0,
      0.062575,
      0.13125,
      0.2185
    ],
    "qjl_scale": 0.49
  },
  "10": {
    "centroids": [
      -0.269,
      -0.1679875,
      -0.0945,
      -0.0306375,
      0.0306375,
      0.0945,
      0.1679875,
      0.269
    ],
    "boundaries": [
      -0.2185,
      -0.13125,
      -0.062575,
      0.0,
      0.062575,
      0.13125,
      0.2185
    ],
    "qjl_scale": 0.49
  },
  "11": {
    "centroids": [
      -0.269,
      -0.1679875,
      -0.0945,
      -0.0306375,
      0.0306375,
      0.0945,
      0.1679875,
      0.269
    ],
    "boundaries": [
      -0.2185,
      -0.13125,
      -0.062575,
      0.0,
      0.062575,
      0.13125,
      0.2185
    ],
    "qjl_scale": 0.49
  },
  "12": {
    "centroids": [
      -0.269,
      -0.1679875,
      -0.0945,
      -0.0306375,
      0.0306375,
      0.0945,
      0.1679875,
      0.269
    ],
    "boundaries": [
      -0.2185,
      -0.13125,
      -0.062575,
      0.0,
      0.062575,
      0.13125,
      0.2185
    ],
    "qjl_scale": 0.49
  },
  "13": {
    "centroids": [
      -0.269,
      -0.1679875,
      -0.0945,
      -0.0306375,
      0.0306375,
      0.0945,
      0.1679875,
      0.269
    ],
    "boundaries": [
      -0.2185,
      -0.13125,
      -0.062575,
      0.0,
      0.062575,
      0.13125,
      0.2185
    ],
    "qjl_scale": 0.49
  },
  "14": {
    "centroids": [
      -0.269,
      -0.1679875,
      -0.0945,
      -0.0306375,
      0.0306375,
      0.0945,
      0.1679875,
      0.269
    ],
    "boundaries": [
      -0.2185,
      -0.13125,
      -0.062575,
      0.0,
      0.062575,
      0.13125,
      0.2185
    ],
    "qjl_scale": 0.49
  },
  "15": {
    "centroids": [
      -0.269,
      -0.1679875,
      -0.0945,
      -0.0306375,
      0.0306375,
      0.0945,
      0.1679875,
      0.269
    ],
    "boundaries": [
      -0.2185,
      -0.13125,
      -0.062575,
      0.0,
      0.062575,
      0.13125,
      0.2185
    ],
    "qjl_scale": 0.49
  },
  "16": {
    "centroids": [
      -0.269,
      -0.1679875,
      -0.0945,
      -0.0306375,
      0.0306375,
      0.0945,
      0.1679875,
      0.269
    ],
    "boundaries": [
      -0.2185,
      -0.13125,
      -0.062575,
      0.0,
      0.062575,
      0.13125,
      0.2185
    ],
    "qjl_scale": 0.49
  },
  "17": {
    "centroids": [
      -0.269,
      -0.1679875,
      -0.0945,
      -0.0306375,
      0.0306375,
      0.0945,
      0.1679875,
      0.269
    ],
    "boundaries": [
      -0.2185,
      -0.13125,
      -0.062575,
      0.0,
      0.062575,
      0.13125,
      0.2185
    ],
    "qjl_scale": 0.49
  },
  "18": {
    "centroids": [
      -0.269,
      -0.1679875,
      -0.0945,
      -0.0306375,
      0.0306375,
      0.0945,
      0.1679875,
      0.269
    ],
    "boundaries": [
      -0.2185,
      -0.13125,
      -0.062575,
      0.0,
      0.062575,
      0.13125,
      0.2185
    ],
    "qjl_scale": 0.49
  },
  "19": {
    "centroids": [
      -0.269,
      -0.1679875,
      -0.0945,
      -0.0306375,
      0.0306375,
      0.0945,
      0.1679875,
      0.269
    ],
    "boundaries": [
      -0.2185,
      -0.13125,
      -0.062575,
      0.0,
      0.062575,
      0.13125,
      0.2185
    ],
    "qjl_scale": 0.49
  },
  "20": {
    "centroids": [
      -0.269,
      -0.1679875,
      -0.0945,
      -0.0306375,
      0.0306375,
      0.0945,
      0.1679875,
      0.269
    ],
    "boundaries": [
      -0.2185,
      -0.13125,
      -0.062575,
      0.0,
      0.062575,
      0.13125,
      0.2185
    ],
    "qjl_scale": 0.49
  },
  "21": {
    "centroids": [
      -0.269,
      -0.1679875,
      -0.0945,
      -0.0306375,
      0.0306375,
      0.0945,
      0.1679875,
      0.269
    ],
    "boundaries": [
      -0.2185,
      -0.13125,
      -0.062575,
      0.0,
      0.062575,
      0.13125,
      0.2185
    ],
    "qjl_scale": 0.49
  },
  "22": {
    "centroids": [
      -0.269,
      -0.1679875,
      -0.0945,
      -0.0306375,
      0.0306375,
      0.0945,
      0.1679875,
      0.269
    ],
    "boundaries": [
      -0.2185,
      -0.13125,
      -0.062575,
      0.0,
      0.062575,
      0.13125,
      0.2185
    ],
    "qjl_scale": 0.49
  },
  "23": {
    "centroids": [
      -0.269,
      -0.1679875,
      -0.0945,
      -0.0306375,
      0.0306375,
      0.0945,
      0.1679875,
      0.269
    ],
    "boundaries": [
      -0.2185,
      -0.13125,
      -0.062575,
      0.0,
      0.062575,
      0.13125,
      0.2185
    ],
    "qjl_scale": 0.49
  }
}