{
  "n_layers_captured": 24,
  "per_layer": {
    "0": {
      "K_vectors": 4096,
      "V_vectors": 4096,
      "K_coord_mean": 1.0883435606956482e-05,
      "K_coord_std": 0.1249951720237732,
      "K_coord_max": 0.364990234375,
      "V_coord_mean": 0.0003047231584787369,
      "V_coord_std": 0.12499099969863892,
      "V_coord_max": 0.50390625
    },
    "1": {
      "K_vectors": 4096,
      "V_vectors": 4096,
      "K_coord_mean": 1.4275312423706055e-05,
      "K_coord_std": 0.1250021755695343,
      "K_coord_max": 0.270263671875,
      "V_coord_mean": 0.0028291642665863037,
      "V_coord_std": 0.1249617412686348,
      "V_coord_max": 0.47998046875
    },
    "2": {
      "K_vectors": 4096,
      "V_vectors": 4096,
      "K_coord_mean": -5.418434739112854e-06,
      "K_coord_std": 0.1249992847442627,
      "K_coord_max": 0.380615234375,
      "V_coord_mean": 0.002637948840856552,
      "V_coord_std": 0.12497380375862122,
      "V_coord_max": 0.54296875
    },
    "3": {
      "K_vectors": 4096,
      "V_vectors": 4096,
      "K_coord_mean": 6.972625851631165e-05,
      "K_coord_std": 0.12498214095830917,
      "K_coord_max": 0.5166015625,
      "V_coord_mean": 0.005016455426812172,
      "V_coord_std": 0.12490004301071167,
      "V_coord_max": 0.536376953125
    },
    "4": {
      "K_vectors": 4096,
      "V_vectors": 4096,
      "K_coord_mean": -8.936971426010132e-05,
      "K_coord_std": 0.12500932812690735,
      "K_coord_max": 0.52734375,
      "V_coord_mean": -0.006357103586196899,
      "V_coord_std": 0.1248452216386795,
      "V_coord_max": 0.53662109375
    },
    "5": {
      "K_vectors": 4096,
      "V_vectors": 4096,
      "K_coord_mean": 0.0002551563084125519,
      "K_coord_std": 0.12500786781311035,
      "K_coord_max": 0.507080078125,
      "V_coord_mean": 0.005844715982675552,
      "V_coord_std": 0.12486612051725388,
      "V_coord_max": 0.590087890625
    },
    "6": {
      "K_vectors": 4096,
      "V_vectors": 4096,
      "K_coord_mean": -5.18355518579483e-05,
      "K_coord_std": 0.1250033974647522,
      "K_coord_max": 0.442138671875,
      "V_coord_mean": -0.008683394640684128,
      "V_coord_std": 0.12469866126775742,
      "V_coord_max": 0.538818359375
    },
    "7": {
      "K_vectors": 4096,
      "V_vectors": 4096,
      "K_coord_mean": 0.00014056265354156494,
      "K_coord_std": 0.12501251697540283,
      "K_coord_max": 0.516357421875,
      "V_coord_mean": -0.01755799725651741,
      "V_coord_std": 0.12375830858945847,
      "V_coord_max": 0.550048828125
    },
    "8": {
      "K_vectors": 4096,
      "V_vectors": 4096,
      "K_coord_mean": 0.00017444975674152374,
      "K_coord_std": 0.12500321865081787,
      "K_coord_max": 0.475341796875,
      "V_coord_mean": 0.001331377774477005,
      "V_coord_std": 0.12499362975358963,
      "V_coord_max": 0.530517578125
    },
    "9": {
      "K_vectors": 4096,
      "V_vectors": 4096,
      "K_coord_mean": 7.949210703372955e-05,
      "K_coord_std": 0.12500612437725067,
      "K_coord_max": 0.4921875,
      "V_coord_mean": 0.0013021044433116913,
      "V_coord_std": 0.12500034272670746,
      "V_coord_max": 0.5068359375
    },
    "10": {
      "K_vectors": 4096,
      "V_vectors": 4096,
      "K_coord_mean": 9.733997285366058e-05,
      "K_coord_std": 0.12500423192977905,
      "K_coord_max": 0.465576171875,
      "V_coord_mean": -0.0007981192320585251,
      "V_coord_std": 0.1250096708536148,
      "V_coord_max": 0.526611328125
    },
    "11": {
      "K_vectors": 4096,
      "V_vectors": 4096,
      "K_coord_mean": -2.391822636127472e-05,
      "K_coord_std": 0.12500709295272827,
      "K_coord_max": 0.490478515625,
      "V_coord_mean": -0.006273506209254265,
      "V_coord_std": 0.12484341114759445,
      "V_coord_max": 0.510009765625
    },
    "12": {
      "K_vectors": 4096,
      "V_vectors": 4096,
      "K_coord_mean": -0.00010618194937705994,
      "K_coord_std": 0.124999038875103,
      "K_coord_max": 0.528564453125,
      "V_coord_mean": -0.003889579325914383,
      "V_coord_std": 0.12493850290775299,
      "V_coord_max": 0.556640625
    },
    "13": {
      "K_vectors": 4096,
      "V_vectors": 4096,
      "K_coord_mean": -3.4671276807785034e-05,
      "K_coord_std": 0.12499696761369705,
      "K_coord_max": 0.4990234375,
      "V_coord_mean": -0.0006695110350847244,
      "V_coord_std": 0.12500418722629547,
      "V_coord_max": 0.530517578125
    },
    "14": {
      "K_vectors": 4096,
      "V_vectors": 4096,
      "K_coord_mean": -0.00013061054050922394,
      "K_coord_std": 0.12500783801078796,
      "K_coord_max": 0.476318359375,
      "V_coord_mean": 0.003813486546278,
      "V_coord_std": 0.12493466585874557,
      "V_coord_max": 0.499755859375
    },
    "15": {
      "K_vectors": 4096,
      "V_vectors": 4096,
      "K_coord_mean": -5.227886140346527e-05,
      "K_coord_std": 0.12499372661113739,
      "K_coord_max": 0.503173828125,
      "V_coord_mean": 0.005071043968200684,
      "V_coord_std": 0.12488969415426254,
      "V_coord_max": 0.5546875
    },
    "16": {
      "K_vectors": 4096,
      "V_vectors": 4096,
      "K_coord_mean": 6.717443466186523e-05,
      "K_coord_std": 0.12499644607305527,
      "K_coord_max": 0.5302734375,
      "V_coord_mean": -0.0008692443370819092,
      "V_coord_std": 0.12500016391277313,
      "V_coord_max": 0.5859375
    },
    "17": {
      "K_vectors": 4096,
      "V_vectors": 4096,
      "K_coord_mean": -8.082203567028046e-05,
      "K_coord_std": 0.12499672919511795,
      "K_coord_max": 0.500732421875,
      "V_coord_mean": -0.0014604534953832626,
      "V_coord_std": 0.12498459219932556,
      "V_coord_max": 0.51318359375
    },
    "18": {
      "K_vectors": 4096,
      "V_vectors": 4096,
      "K_coord_mean": 0.0001415889710187912,
      "K_coord_std": 0.12500649690628052,
      "K_coord_max": 0.48291015625,
      "V_coord_mean": 0.004064157605171204,
      "V_coord_std": 0.12493456900119781,
      "V_coord_max": 0.593017578125
    },
    "19": {
      "K_vectors": 4096,
      "V_vectors": 4096,
      "K_coord_mean": -0.00025732070207595825,
      "K_coord_std": 0.12499140948057175,
      "K_coord_max": 0.50634765625,
      "V_coord_mean": 0.0012570396065711975,
      "V_coord_std": 0.12499721348285675,
      "V_coord_max": 0.531005859375
    },
    "20": {
      "K_vectors": 4096,
      "V_vectors": 4096,
      "K_coord_mean": 0.00016540102660655975,
      "K_coord_std": 0.12500905990600586,
      "K_coord_max": 0.4921875,
      "V_coord_mean": -0.007500564679503441,
      "V_coord_std": 0.12477431446313858,
      "V_coord_max": 0.531494140625
    },
    "21": {
      "K_vectors": 4096,
      "V_vectors": 4096,
      "K_coord_mean": 1.95186585187912e-05,
      "K_coord_std": 0.1250007152557373,
      "K_coord_max": 0.52001953125,
      "V_coord_mean": 0.00022241659462451935,
      "V_coord_std": 0.12499216198921204,
      "V_coord_max": 0.549072265625
    },
    "22": {
      "K_vectors": 4096,
      "V_vectors": 4096,
      "K_coord_mean": -9.851530194282532e-06,
      "K_coord_std": 0.12500424683094025,
      "K_coord_max": 0.506103515625,
      "V_coord_mean": -0.004758728668093681,
      "V_coord_std": 0.12490434944629669,
      "V_coord_max": 0.619384765625
    },
    "23": {
      "K_vectors": 4096,
      "V_vectors": 4096,
      "K_coord_mean": 2.296827733516693e-05,
      "K_coord_std": 0.12501293420791626,
      "K_coord_max": 0.43359375,
      "V_coord_mean": 0.0021334774792194366,
      "V_coord_std": 0.12498116493225098,
      "V_coord_max": 0.486572265625
    }
  },
  "model": "Qwen/Qwen2-0.5B",
  "mode": "C_prenorm",
  "n_samples": 4,
  "seq_len": 512,
  "ppl_sanity": 771.7766981469692,
  "n_tokens_total": 2044
}