{
  "model": "Qwen/Qwen2-0.5B",
  "mode": "C_prenorm",
  "n_samples": 16,
  "seq_len": 512,
  "tables": "analysis/c10_centroid_tables_clean_alpha.json",
  "ppl_baseline_A": 21.06380817500356,
  "ppl_default_centroids": 1191.1332852812575,
  "ppl_retuned_centroids": 567.8526529254034,
  "log_gap_default_nats": 4.0351041581066145,
  "log_gap_retuned_nats": 3.294305655820962,
  "log_gap_recovered_nats": 0.7407985022856525,
  "fraction_recovered": 0.18358844611169992
}