{
  "0": {
    "centroids": [
      -0.24216662707148326,
      -0.1586399236001259,
      -0.0903586848989289,
      -0.027315804623330938,
      0.026909137505161135,
      0.08850092542629108,
      0.1530763829506279,
      0.24068523193882033
    ],
    "boundaries": [
      -0.2004032753358046,
      -0.1244993042495274,
      -0.05883724476112992,
      -0.00020333355908490162,
      0.05770503146572611,
      0.1207886541884595,
      0.1968808074447241
    ]
  },
  "1": {
    "centroids": [
      -0.21019747850580725,
      -0.1403704495859154,
      -0.083065015696598,
      -0.021582825370446115,
      0.03717102998452581,
      0.10242921649623893,
      0.15830276875890403,
      0.22594811521612815
    ],
    "boundaries": [
      -0.17528396404586133,
      -0.1117177326412567,
      -0.052323920533522056,
      0.007794102307039847,
      0.06980012324038237,
      0.13036599262757148,
      0.19212544198751608
    ]
  },
  "2": {
    "centroids": [
      -0.25609083522327986,
      -0.16277189735244765,
      -0.09542429991761907,
      -0.03141135356844619,
      0.03200306721980551,
      0.09616112512746205,
      0.16102115276399165,
      0.24801357292024873
    ],
    "boundaries": [
      -0.20943136628786374,
      -0.12909809863503335,
      -0.06341782674303263,
      0.00029585682567966065,
      0.06408209617363378,
      0.12859113894572685,
      0.2045173628421202
    ]
  },
  "3": {
    "centroids": [
      -0.24292947558532327,
      -0.15188206984577168,
      -0.08334204016080217,
      -0.0240893181698592,
      0.03336519172495963,
      0.0945232213425603,
      0.16376758536940395,
      0.26089653987816397
    ],
    "boundaries": [
      -0.1974057727155475,
      -0.11761205500328692,
      -0.05371567916533068,
      0.004637936777550214,
      0.06394420653375997,
      0.12914540335598212,
      0.21233206262378396
    ]
  },
  "4": {
    "centroids": [
      -0.24588262049079054,
      -0.1592612668174106,
      -0.09267350629502526,
      -0.03271614968434254,
      0.02577755860259167,
      0.08691359030646653,
      0.15467240708511043,
      0.24374376240137952
    ],
    "boundaries": [
      -0.20257194365410058,
      -0.12596738655621792,
      -0.0626948279896839,
      -0.0034692955408754354,
      0.056345574454529104,
      0.12079299869578848,
      0.19920808474324497
    ]
  },
  "5": {
    "centroids": [
      -0.25283387949278874,
      -0.15863785862070098,
      -0.09232571128539638,
      -0.029635848703899747,
      0.031710368706442504,
      0.09432719675613253,
      0.1595643156334731,
      0.24908267157819722
    ],
    "boundaries": [
      -0.20573586905674485,
      -0.12548178495304868,
      -0.060980779994648064,
      0.0010372600012713788,
      0.06301878273128753,
      0.1269457561948028,
      0.20432349360583515
    ]
  },
  "6": {
    "centroids": [
      -0.24939739627925228,
      -0.16357598018548472,
      -0.09762426520326048,
      -0.03469366944488374,
      0.02546128260947681,
      0.08710638383457255,
      0.15309753039444796,
      0.2365402530955665
    ],
    "boundaries": [
      -0.2064866882323685,
      -0.1306001226943726,
      -0.06615896732407212,
      -0.004616193417703463,
      0.05628383322202468,
      0.12010195711451024,
      0.19481889174500722
    ]
  },
  "7": {
    "centroids": [
      -0.2610617498246625,
      -0.16899323979051492,
      -0.10237060614356515,
      -0.040194224443970535,
      0.021128042512892704,
      0.08520038897441899,
      0.14911602204383187,
      0.242455040601186
    ],
    "boundaries": [
      -0.2150274948075887,
      -0.13568192296704004,
      -0.07128241529376785,
      -0.009533090965538915,
      0.053164215743655846,
      0.11715820550912542,
      0.19578553132250892
    ]
  },
  "8": {
    "centroids": [
      -0.25675149250630835,
      -0.16351535889707208,
      -0.09277609952281927,
      -0.030701674891949183,
      0.03073616051668923,
      0.09200484930152121,
      0.16033044706273042,
      0.2530865932559192
    ],
    "boundaries": [
      -0.21013342570169022,
      -0.12814572920994569,
      -0.06173888720738423,
      1.7242812370024327e-05,
      0.06137050490910522,
      0.1261676481821258,
      0.2067085201593248
    ]
  },
  "9": {
    "centroids": [
      -0.25719933602609824,
      -0.16020572778768147,
      -0.09361494252597523,
      -0.0308960045303321,
      0.03076685711470797,
      0.09366608135709521,
      0.16110383349776677,
      0.2548629924159661
    ],
    "boundaries": [
      -0.20870253190688987,
      -0.12691033515682834,
      -0.062255473528153665,
      -6.457370781206423e-05,
      0.06221646923590159,
      0.127384957427431,
      0.20798341295686645
    ]
  },
  "10": {
    "centroids": [
      -0.25401183017077594,
      -0.16881294030618538,
      -0.10011754725013923,
      -0.037071393046608565,
      0.0307662031144341,
      0.09327168718566994,
      0.1634262237678464,
      0.25010768942636985
    ],
    "boundaries": [
      -0.21141238523848066,
      -0.1344652437781623,
      -0.0685944701483739,
      -0.0031525949660872327,
      0.06201894515005202,
      0.12834895547675818,
      0.20676695659710814
    ]
  },
  "11": {
    "centroids": [
      -0.2599845378559221,
      -0.16623927749941397,
      -0.09645093039280005,
      -0.03376240240960787,
      0.02868793711243877,
      0.09179547664083842,
      0.16107570128187465,
      0.2562098810287695
    ],
    "boundaries": [
      -0.21311190767766805,
      -0.13134510394610702,
      -0.06510666640120397,
      -0.002537232648584551,
      0.0602417068766386,
      0.12643558896135654,
      0.20864279115532208
    ]
  },
  "12": {
    "centroids": [
      -0.257053166041598,
      -0.1642901479697863,
      -0.09594498683471876,
      -0.032202126521824505,
      0.029728974736906087,
      0.09282238232162131,
      0.16054817631891213,
      0.25490858943309014
    ],
    "boundaries": [
      -0.21067165700569215,
      -0.13011756740225253,
      -0.06407355667827164,
      -0.0012365758924592091,
      0.061275678529263695,
      0.1266852793202667,
      0.20772838287600115
    ]
  },
  "13": {
    "centroids": [
      -0.2515013484888905,
      -0.1595922077208016,
      -0.0921180403914096,
      -0.029731610206625635,
      0.031075900282053856,
      0.09381252121969207,
      0.1628729352065008,
      0.25981884549292666
    ],
    "boundaries": [
      -0.20554677810484606,
      -0.1258551240561056,
      -0.06092482529901762,
      0.0006721450377141103,
      0.06244421075087296,
      0.12834272821309645,
      0.21134589034971374
    ]
  },
  "14": {
    "centroids": [
      -0.24666146313717618,
      -0.15647954932121114,
      -0.0905662386405998,
      -0.028293912432415826,
      0.03343162020180399,
      0.09644157577643285,
      0.16472487734971425,
      0.26137623644450025
    ],
    "boundaries": [
      -0.20157050622919365,
      -0.12352289398090546,
      -0.059430075536507816,
      0.002568853884694083,
      0.06493659798911842,
      0.13058322656307356,
      0.21305055689710725
    ]
  },
  "15": {
    "centroids": [
      -0.26034541642150455,
      -0.16198495830699997,
      -0.09040683552114549,
      -0.02719761161101945,
      0.03379805533068666,
      0.09601902733411002,
      0.1646148120909892,
      0.25667712593941205
    ],
    "boundaries": [
      -0.21116518736425227,
      -0.12619589691407274,
      -0.05880222356608247,
      0.0033002218598336044,
      0.06490854133239835,
      0.1303169197125496,
      0.2106459690152006
    ]
  },
  "16": {
    "centroids": [
      -0.27044532480768585,
      -0.1699708285309991,
      -0.09837310685997312,
      -0.033949451528650997,
      0.028091658532450634,
      0.09164730259277742,
      0.1612016916423591,
      0.25529508875102763
    ],