{
  "0": {
    "centroids": [
      -0.24216662707148326,
      -0.1586399236001259,
      -0.0903586848989289,
      -0.027315804623330938,
      0.026909137505161135,
      0.08850092542629108,
      0.1530763829506279,
      0.24068523193882033
    ],
    "boundaries": [
      -0.2004032753358046,
      -0.1244993042495274,
      -0.05883724476112992,
      -0.00020333355908490162,
      0.05770503146572611,
      0.1207886541884595,
      0.1968808074447241
    ]
  },
  "1": {
    "centroids": [
      -0.21019747850580725,
      -0.1403704495859154,
      -0.083065015696598,
      -0.021582825370446115,
      0.03717102998452581,
      0.10242921649623893,
      0.15830276875890403,
      0.22594811521612815
    ],
    "boundaries": [
      -0.17528396404586133,
      -0.1117177326412567,
      -0.052323920533522056,
      0.007794102307039847,
      0.06980012324038237,
      0.13036599262757148,
      0.19212544198751608
    ]
  },
  "23": {
    "centroids": [
      -0.2586689037231999,
      -0.168898309189268,
      -0.09216537783492718,
      -0.028817890872923278,
      0.028330259409757374,
      0.0917318434744598,
      0.16775844613247937,
      0.25654737005248457
    ],
    "boundaries": [
      -0.21378360645623395,
      -0.13053184351209757,
      -0.060491634353925225,
      -0.00024381573158295186,
      0.06003105144210859,
      0.12974514480346958,
      0.21215290809248197
    ]
  }
}